{
  "E97bx4R7JPPePE9cMp8p6TEG73j3Hu73itSZh8ZE5Jdy": {
    "bot": "E97bx4R7JPPePE9cMp8p6TEG73j3Hu73itSZh8ZE5Jdy",
    "sandwich_count": 4,
    "profit_usd": 1576.089796063115,
    "profit_sol": 11.425083820002328
  },
  "Gwwnuytsvw7DC1Wea2QF5TMSS9Az81zDfUN1YwtiDLRx": {
    "bot": "Gwwnuytsvw7DC1Wea2QF5TMSS9Az81zDfUN1YwtiDLRx",
    "sandwich_count": 25,
    "profit_usd": 611.9457369264383,
    "profit_sol": 4.435998098040925
  },
  "datouWbnKthiYdWN3K2kypTs5YoykXSekSQVmDPoeo6": {
    "bot": "datouWbnKthiYdWN3K2kypTs5YoykXSekSQVmDPoeo6",
    "sandwich_count": 2,
    "profit_usd": 410.33789184205096,
    "profit_sol": 2.974541692058987
  },
  "FFbPJoLAJkD5aUCakE2vn89GvjbU5r4XXGohSxEjRUo1": {
    "bot": "FFbPJoLAJkD5aUCakE2vn89GvjbU5r4XXGohSxEjRUo1",
    "sandwich_count": 1,
    "profit_usd": 63.99292704918254,
    "profit_sol": 0.46388508906692183
  },
  "BH22jVrpN3Qd3HMCw1uxmnL8MqfuvFHKuzQsL67k9V9C": {
    "bot": "BH22jVrpN3Qd3HMCw1uxmnL8MqfuvFHKuzQsL67k9V9C",
    "sandwich_count": 1,
    "profit_usd": 15.67586765017162,
    "profit_sol": 0.11363445299997466
  }
}