{
  "Gwwnuytsvw7DC1Wea2QF5TMSS9Az81zDfUN1YwtiDLRx": {
    "bot": "Gwwnuytsvw7DC1Wea2QF5TMSS9Az81zDfUN1YwtiDLRx",
    "sandwich_count": 28,
    "profit_usd": 8633.656809989727,
    "profit_sol": 61.196076931727134
  },
  "ATQs6A92eUzdxTBsQhRJxxJDpgYDTGvLnU4e5mMEfY3k": {
    "bot": "ATQs6A92eUzdxTBsQhRJxxJDpgYDTGvLnU4e5mMEfY3k",
    "sandwich_count": 3,
    "profit_usd": 566.3726892342611,
    "profit_sol": 4.014496687232842
  },
  "BijofPtrG5AAvmb74KqWBvmfk9jYTtiHJJrhYrWnvodF": {
    "bot": "BijofPtrG5AAvmb74KqWBvmfk9jYTtiHJJrhYrWnvodF",
    "sandwich_count": 3,
    "profit_usd": 280.0969061380987,
    "profit_sol": 1.9853501469426875
  },
  "FrSbj9hGbMB6BLM6XMvRngECqt8xNxzPmXScDUnHH7L3": {
    "bot": "FrSbj9hGbMB6BLM6XMvRngECqt8xNxzPmXScDUnHH7L3",
    "sandwich_count": 2,
    "profit_usd": 178.69870658381873,
    "profit_sol": 1.2666312822453403
  },
  "EQGEmqCuobe4MyVn7DfCAmx9Kaa5oKt6yUS2DznSb5EV": {
    "bot": "EQGEmqCuobe4MyVn7DfCAmx9Kaa5oKt6yUS2DznSb5EV",
    "sandwich_count": 2,
    "profit_usd": 129.85618466900578,
    "profit_sol": 0.9204314280676739
  }
}